result_url,query,source,location,signal,category_hint
https://blckbask.com,"""Powered by Shopify"" ""Ahmedabad"" store India",web-search,Ahmedabad,Powered by Shopify,fashion
https://saarbyrajkumars.com,"""Powered by Shopify"" ""Ahmedabad"" store India",web-search,Ahmedabad,Powered by Shopify,fashion
https://snaptrends.in,"""Powered by Shopify"" ""Surat"" store India",web-search,Surat,Powered by Shopify,fashion
https://pasika.in,"""Powered by Shopify"" ""Surat"" store India",web-search,Surat,Powered by Shopify,fashion
https://sajavatsuits.com,"""Powered by Shopify"" ""Surat"" store India",web-search,Surat,Powered by Shopify,clothing
https://chininamak.com,"""Powered by Shopify"" ""Kolkata"" store India",web-search,Kolkata,Powered by Shopify,food
https://reetirivaajindia.com,"""Powered by Shopify"" ""Kolkata"" store India",web-search,Kolkata,Powered by Shopify,fashion
https://shepride.in,"""Powered by Shopify"" ""Kolkata"" store India",web-search,Kolkata,Powered by Shopify,fashion
https://kutchinachimneys.in,"""Powered by Shopify"" ""Ahmedabad"" store India",web-search,Ahmedabad,Powered by Shopify,home appliances
https://prasangikparidhan.com,"""Powered by Shopify"" ""Kolkata"" store India",web-search,Kolkata,Powered by Shopify,clothing
https://ekvora.store,"""Powered by Shopify"" ""Pune"" store India",web-search,Pune,Powered by Shopify,fashion
https://minajaipur.com,"""Powered by Shopify"" ""Jaipur"" India store",web-search,Jaipur,Powered by Shopify,fashion
https://sauvejaipur.com,"""Powered by Shopify"" ""Jaipur"" India store",web-search,Jaipur,Powered by Shopify,fashion
https://thehomeaffairjaipur.in,"""Powered by Shopify"" ""Jaipur"" India store",web-search,Jaipur,Powered by Shopify,home decor
https://theponyandpeony.com,"""Powered by Shopify"" ""Jaipur"" India store",web-search,Jaipur,Powered by Shopify,fashion
https://sindhinamkeen.shop,"""Powered by Shopify"" ""Jaipur"" India store",web-search,Jaipur,Powered by Shopify,food
https://bakhiyajaipur.in,"""Powered by Shopify"" ""Jaipur"" India store",web-search,Jaipur,Powered by Shopify,fashion
https://arkajaipur.com,"""Powered by Shopify"" ""Jaipur"" India store",web-search,Jaipur,Powered by Shopify,fashion
https://hearthy.in,"""Powered by Shopify"" ""Kochi"" India store",web-search,Kochi,Powered by Shopify,food
https://lucknowibyms.com,"""Powered by Shopify"" ""Lucknow"" India store",web-search,Lucknow,Powered by Shopify,fashion
https://rayacreation.com,"""Powered by Shopify"" ""Lucknow"" India store",web-search,Lucknow,Powered by Shopify,fashion
https://myrasublimation.com,"""Powered by Shopify"" ""Indore"" India store",web-search,Indore,Powered by Shopify,gifts
https://clubloom.com,"""Powered by Shopify"" ""Lucknow"" India store",web-search,Lucknow,Powered by Shopify,fashion
https://lucknowbestchikankari.com,"""Powered by Shopify"" ""Lucknow"" India store",web-search,Lucknow,Powered by Shopify,clothing
https://nakodasboutique.com,"""Powered by Shopify"" ""Indore"" India store",web-search,Indore,Powered by Shopify,fashion
https://mophy.co.in,"""Powered by Shopify"" ""Indore"" India store",web-search,Indore,Powered by Shopify,general
https://thehimalayanorganics.in,"""Powered by Shopify"" ""India"" skincare ""Address""",web-search,India,Powered by Shopify,wellness
https://carousel.co.in,"""Powered by Shopify"" ""India"" skincare ""Address""",web-search,India,Powered by Shopify,skincare
https://gojeeva.in,"""Powered by Shopify"" ""India"" skincare ""Address""",web-search,India,Powered by Shopify,wellness
https://ikiru.in,"""Powered by Shopify"" ""India"" ""home decor"" ""Address""",web-search,India,Powered by Shopify,home decor
https://in.neutriderm.com,"""Powered by Shopify"" ""India"" skincare ""Address""",web-search,India,Powered by Shopify,skincare
https://ayzelcosmetics.com,"""Powered by Shopify"" ""India"" skincare ""Address""",web-search,India,Powered by Shopify,beauty
https://floralblooms.co.in,"""Powered by Shopify"" ""India"" ""home decor"" ""Address""",web-search,India,Powered by Shopify,home decor
https://kozasko.com,"""Powered by Shopify"" ""India"" footwear ""Address""",web-search,India,Powered by Shopify,footwear
https://songkyo.com,"""Powered by Shopify"" ""India"" footwear ""Address""",web-search,India,Powered by Shopify,footwear
https://tiesta.in,"""Powered by Shopify"" ""India"" food ""Address""",web-search,India,Powered by Shopify,food
https://cultbyorigin.com,"""Powered by Shopify"" ""India"" fashion "+91"",web-search,India,Powered by Shopify,fashion
https://thementhing.com,"""Powered by Shopify"" ""India"" clothing ""GSTIN""",web-search,India,Powered by Shopify,clothing
https://thechambersakc.com,"""Powered by Shopify"" ""India"" accessories ""Address""",web-search,India,Powered by Shopify,accessories
https://jaimora.com,"""Powered by Shopify"" ""India"" clothing ""GSTIN""",web-search,India,Powered by Shopify,clothing
https://folkthreadsfromkrithya.com,"""Powered by Shopify"" ""India"" clothing ""GSTIN""",web-search,India,Powered by Shopify,clothing
https://pinktreebyshrutika.com,"""Powered by Shopify"" ""India"" accessories ""Address""",web-search,India,Powered by Shopify,accessories
https://nerdlane.in,"""Powered by Shopify"" ""India"" kidswear ""Address""",web-search,India,Powered by Shopify,kidswear
https://bumblebees.shop,"""Powered by Shopify"" ""India"" kidswear ""Address""",web-search,India,Powered by Shopify,kidswear
https://thetaram.com,"""Powered by Shopify"" ""India"" fashion "+91"",web-search,India,Powered by Shopify,fashion
https://sastadeals.shop,"""Powered by Shopify"" ""India"" accessories ""Address""",web-search,India,Powered by Shopify,general
https://labelroon.com,"""Powered by Shopify"" ""India"" clothing ""GSTIN""",web-search,India,Powered by Shopify,clothing
https://ststyletry.com,"""Powered by Shopify"" ""Kerala"" India ""Address""",web-search,Kerala,Powered by Shopify,fashion
https://encaredevices.com,"""Powered by Shopify"" ""Kerala"" India ""Address""",web-search,Kerala,Powered by Shopify,health
https://everglam.in,"""Powered by Shopify"" ""Kerala"" India ""Address""",web-search,Kerala,Powered by Shopify,beauty
https://malinishop.com,"""Powered by Shopify"" ""Kerala"" India ""Address""",web-search,Kerala,Powered by Shopify,fashion
https://benchara.in,"""Powered by Shopify"" ""Punjab"" India ""Address""",web-search,Punjab,Powered by Shopify,fashion
https://heira.in,"""Powered by Shopify"" ""Punjab"" India ""Address""",web-search,Punjab,Powered by Shopify,fashion
https://cakezygifting.com,"""Powered by Shopify"" ""Punjab"" India ""Address""",web-search,Punjab,Powered by Shopify,gifts
https://mmtoyworld.com,"""Powered by Shopify"" ""Punjab"" India ""Address""",web-search,Punjab,Powered by Shopify,kids
https://computerspace.in,"""Powered by Shopify"" ""Uttar Pradesh"" India ""Address""",web-search,Uttar Pradesh,Powered by Shopify,electronics
https://jaipursaaj.com,"""Powered by Shopify"" ""Rajasthan"" India ""Address""",web-search,Rajasthan,Powered by Shopify,fashion
https://shop.agewellglobal.in,"""Powered by Shopify"" ""Uttar Pradesh"" India ""Address""",web-search,Uttar Pradesh,Powered by Shopify,wellness
https://labelharleenkaur.com,"""Powered by Shopify"" ""Punjab"" India ""Address""",web-search,Punjab,Powered by Shopify,fashion
https://bongosaj.com,"""Powered by Shopify"" ""West Bengal"" ""GSTIN"" store",web-search,West Bengal,Powered by Shopify,fashion
https://sparkcolours.in,"""Powered by Shopify"" ""West Bengal"" ""GSTIN"" store",web-search,West Bengal,Powered by Shopify,art
https://odishadesihaat.com,"""Powered by Shopify"" ""Odisha"" ""GSTIN"" store",web-search,Odisha,Powered by Shopify,food
https://fujiaka.com,"""Powered by Shopify"" ""Odisha"" ""GSTIN"" store",web-search,Odisha,Powered by Shopify,general
https://sootisaga.com,"""Powered by Shopify"" ""Assam"" ""GSTIN"" store",web-search,Assam,Powered by Shopify,fashion
https://gleeo.in,"""Powered by Shopify"" ""Bihar"" India ""Address""",web-search,Bihar,Powered by Shopify,food
https://neehaarethnic.com,"""Powered by Shopify"" ""Uttarakhand"" India ""Address""",web-search,Uttarakhand,Powered by Shopify,fashion
https://shunyaindia.in,"""Powered by Shopify"" ""Uttarakhand"" India ""Address""",web-search,Uttarakhand,Powered by Shopify,wellness
https://kartperfumes.com/search,"""Powered by Shopify"" ""Uttarakhand"" India ""Address""",web-search,Uttarakhand,Powered by Shopify,beauty
https://skybags.co.in/a/store/ev7-exclusive-store-pvt-ltd-anishabad,"""Powered by Shopify"" ""Bihar"" India ""Address""",web-search,Bihar,Powered by Shopify,accessories
https://shoegallerystore.com,"""Powered by Shopify"" ""Vadodara"" India ""Address""",web-search,Vadodara,Powered by Shopify,footwear
https://zipbypayalzinal.com,"""Powered by Shopify"" ""Vadodara"" India ""Address""",web-search,Vadodara,Powered by Shopify,fashion
https://onomie.in,"""Powered by Shopify"" ""Chandigarh"" India ""Address""",web-search,Chandigarh,Powered by Shopify,kids
https://greenopia.in/products/greenopia-immunity-combo,"""Powered by Shopify"" ""Vadodara"" India ""Address""",web-search,Vadodara,Powered by Shopify,wellness
https://lushliving.online,"""Powered by Shopify"" ""Guwahati"" India ""Address""",web-search,Guwahati,Powered by Shopify,food
https://modenaworks.com/pages/shipping-policy,"""Powered by Shopify"" ""Vadodara"" India ""Address""",web-search,Vadodara,Powered by Shopify,home decor
https://shoplea.in,"""Powered by Shopify"" ""Chandigarh"" India ""Address""",web-search,Chandigarh,Powered by Shopify,footwear
https://shoppalash.com/policies/shipping-policy,"""Powered by Shopify"" ""Vadodara"" India ""Address""",web-search,Vadodara,Powered by Shopify,fashion
https://kindsoul.in/cart,"""Powered by Shopify"" ""Jodhpur"" India ""Address""",web-search,Jodhpur,Powered by Shopify,footwear
https://odesi.in/policies/privacy-policy,"""Powered by Shopify"" ""Bhubaneswar"" India ""Address""",web-search,Bhubaneswar,Powered by Shopify,fashion
https://indianhub.com/pages/shipping-policy-returns,"""Powered by Shopify"" ""Jodhpur"" India ""Address""",web-search,Jodhpur,Powered by Shopify,furniture
https://elevatebuy.com/collections/tea-coffee,"""Powered by Shopify"" ""Bhubaneswar"" India ""Address""",web-search,Bhubaneswar,Powered by Shopify,food
https://hansahandicraft.com/apps/page/wishlist,"""Powered by Shopify"" ""Jodhpur"" India ""Address""",web-search,Jodhpur,Powered by Shopify,home decor
