query,result_url,source,location,category_hint
"""Powered by Shopify"" ""Madurai"" ""skincare"" contact India merchant",https://myvinis.com/,web-search-final,Madurai,skincare
"""Powered by Shopify"" ""Madurai"" ""skincare"" contact India merchant",https://kirpagloballlc.com/,web-search-final,Madurai,skincare
"""Powered by Shopify"" ""Madurai"" ""skincare"" contact India merchant",https://madrascart.com/collections/posters,web-search-final,Madurai,skincare
"""Powered by Shopify"" ""Madurai"" ""skincare"" contact India merchant",https://www.clickoncare.com/ko/collections/abbott?limit=15&page=2,web-search-final,Madurai,skincare
"""Powered by Shopify"" ""Madurai"" ""skincare"" contact India merchant",https://www.naivri.in/products/wudly-four-model-in-one-puzzle,web-search-final,Madurai,skincare
"""Powered by Shopify"" ""Madurai"" ""skincare"" contact India merchant",https://www.scribd.com/document/959004896/SM-2025-Exhibitor-Directory,web-search-final,Madurai,skincare
"""Powered by Shopify"" ""Madurai"" ""skincare"" contact India merchant",https://caleri.com/collections/memo-paris,web-search-final,Madurai,skincare
"""/cdn/shop/"" ""Madurai"" ""home decor"" GSTIN India store",https://aonaindia.com/products/copper-madurai-meenakshi-idol-height-4-5-inch,web-search-final,Madurai,home decor
"""/cdn/shop/"" ""Madurai"" ""home decor"" GSTIN India store",https://incrediblerugsanddecor.com/products/surya-madurai-mad-1001-white-throw,web-search-final,Madurai,home decor
"""/cdn/shop/"" ""Madurai"" ""home decor"" GSTIN India store",https://www.nicobar.com/products/pon-tealight-holder,web-search-final,Madurai,home decor
"""/cdn/shop/"" ""Madurai"" ""home decor"" GSTIN India store",https://www.lakshmistores.com/collections/gods-statues,web-search-final,Madurai,home decor
"""Powered by Shopify"" ""Tiruppur"" ""furniture"" contact India merchant",https://www.sunandseating.com/collections/outdoor-swing-chairs-in-tiruppur/products/orlanda-single-seater-hanging-swing-with-stand-for-balcony-garden-swing-black,web-search-final,Tiruppur,furniture
"""Powered by Shopify"" ""Tiruppur"" ""furniture"" contact India merchant",https://www.scribd.com/document/914340193/Comprehensive-Textile-Business,web-search-final,Tiruppur,furniture
"""Powered by Shopify"" ""Tiruppur"" ""furniture"" contact India merchant",https://fliphtml5.com/wjqlx/apav/SEPTEMBER_DIGITAL_ISSUE_2022/,web-search-final,Tiruppur,furniture
"""/cdn/shop/"" ""Tiruppur"" ""footwear"" GSTIN India store",https://levi.in/products/womens-solid-scoop-neck-t-shirt-a64410003,web-search-final,Tiruppur,footwear
"""Powered by Shopify"" ""Salem"" ""accessories"" contact India merchant",https://www.lamarinteriors.store/,web-search-final,Salem,accessories
"""Powered by Shopify"" ""Salem"" ""accessories"" contact India merchant",https://comfyvibeslife.com/,web-search-final,Salem,accessories
"""Powered by Shopify"" ""Salem"" ""accessories"" contact India merchant",https://staypure123.myshopify.com/,web-search-final,Salem,accessories
"""Powered by Shopify"" ""Salem"" ""accessories"" contact India merchant",https://modernmillieshop.com/collections/accessory/products/enchanted-forest-round-bag-by-restyle,web-search-final,Salem,accessories
"""Powered by Shopify"" ""Salem"" ""accessories"" contact India merchant",https://shop.surabhienterprises.com/collections/all,web-search-final,Salem,accessories
"""Powered by Shopify"" ""Salem"" ""accessories"" contact India merchant",https://www.imagefirstportal.com/collections,web-search-final,Salem,accessories
"""Powered by Shopify"" ""Salem"" ""accessories"" contact India merchant",https://www.iashion.com/pages/about-us,web-search-final,Salem,accessories
"""Powered by Shopify"" ""Salem"" ""accessories"" contact India merchant",https://carlotsupplies.com/,web-search-final,Salem,accessories
"""/cdn/shop/"" ""Salem"" ""food"" GSTIN India store",https://www.rusticsforless.com/collections/irvins-tinwre/products/wellington-medium-island-light-in-espresso,web-search-final,Salem,food
"""/cdn/shop/"" ""Salem"" ""food"" GSTIN India store",https://www.zaubacorp.com/company-by-address/PLOT-NO-31--SIDCO-WOMEN-IINDUSTRAL-ESTAT-KARUPPUR-----SALEM--TAMIL-NADU--INDIA---636011,web-search-final,Salem,food
"""/cdn/shop/"" ""Salem"" ""food"" GSTIN India store",https://www.nilkamalhomes.com/,web-search-final,Salem,food
"""/cdn/shop/"" ""Salem"" ""food"" GSTIN India store",https://ornamentallyyou.com/products/salem-book-club-witches-personalized-mug-spooky-halloween-reading-girl-gift-with-custom-name,web-search-final,Salem,food
"""/cdn/shop/"" ""Salem"" ""food"" GSTIN India store",https://hypestat.com/info/jaho.com,web-search-final,Salem,food
"""/cdn/shop/"" ""Salem"" ""food"" GSTIN India store",https://myborosil.com/products/borosil-crysto-glass-bottle-w-black-lid,web-search-final,Salem,food
"""/cdn/shop/"" ""Salem"" ""food"" GSTIN India store",https://supertails.com/products/wahl-nail-clipper-for-dogs-and-cats-large-8cm,web-search-final,Salem,food
"""Powered by Shopify"" ""Mangaluru"" ""fitness"" contact India merchant",https://www.clickoncare.com/sv/collections/face?order=name&page=45,web-search-final,Mangaluru,fitness
"""Powered by Shopify"" ""Mangaluru"" ""fitness"" contact India merchant",https://www.scribd.com/document/810132681/BTS-Exhibitor-Directory-20241120071120-1,web-search-final,Mangaluru,fitness
"""/cdn/shop/"" ""Mangaluru"" ""kids"" GSTIN India store",https://www.scribd.com/document/587501963/MSME-Samples,web-search-final,Mangaluru,kids
"""/cdn/shop/"" ""Mangaluru"" ""kids"" GSTIN India store",https://pdfcoffee.com/bts-2022-exhibitor-directory-pdf-free.html,web-search-final,Mangaluru,kids
"""/cdn/shop/"" ""Mangaluru"" ""kids"" GSTIN India store",https://natureadmire.in/feed/,web-search-final,Mangaluru,kids
"""/cdn/shop/"" ""Mangaluru"" ""kids"" GSTIN India store",https://abtdomain.com/expired-domains/deletion/2026-09/com-on-2026-09-26-part-2/,web-search-final,Mangaluru,kids
"""/cdn/shop/"" ""Mangaluru"" ""kids"" GSTIN India store",https://www.companydetails.in/year/2023/C,web-search-final,Mangaluru,kids
"""Powered by Shopify"" ""Hubballi"" ""fashion"" contact India merchant",https://www.rajsilkvilla.com/collections/brasso-sarees,web-search-final,Hubballi,fashion
"""Powered by Shopify"" ""Hubballi"" ""fashion"" contact India merchant",https://www.scribd.com/document/682519662/IETF-Show-Catalogue,web-search-final,Hubballi,fashion
"""/cdn/shop/"" ""Hubballi"" ""clothing"" GSTIN India store",https://www.zaubacorp.com/company-by-address/SHOP-NO--17--FIRST-FLOOR--WARD-NO--03-GURUDWARA-BAZAR-----MORINDA--PUNJAB--INDIA---140101,web-search-final,Hubballi,clothing
"""/cdn/shop/"" ""Hubballi"" ""clothing"" GSTIN India store",https://www.scribd.com/document/615855726/BTS-2022-Exhibitor-Directory,web-search-final,Hubballi,clothing
"""Powered by Shopify"" ""Kozhikode"" ""skincare"" contact India merchant",https://www.scribd.com/document/959004896/SM-2025-Exhibitor-Directory,web-search-final,Kozhikode,skincare
"""Powered by Shopify"" ""Kozhikode"" ""skincare"" contact India merchant",https://www.researchgate.net/publication/389975884_Contemporary_Financial_Strategies_Liquidity_and_Profitability,web-search-final,Kozhikode,skincare
"""/cdn/shop/"" ""Kozhikode"" ""home decor"" GSTIN India store",https://www.scribd.com/document/788686906/SAS-TD-Accounts-List-2,web-search-final,Kozhikode,home decor
"""/cdn/shop/"" ""Kozhikode"" ""home decor"" GSTIN India store",https://id.scribd.com/document/369099693/Crisil-Sme-Connect-Oct-13,web-search-final,Kozhikode,home decor
"""/cdn/shop/"" ""Kozhikode"" ""home decor"" GSTIN India store",https://www.zaubacorp.com/company-by-address/O503---O504--5TH-FLOOR--A-WING--SCK01--SMARTCITY--INFOPARK-P-O-------COCHIN--KERALA--INDIA---682042,web-search-final,Kozhikode,home decor
"""/cdn/shop/"" ""Kozhikode"" ""home decor"" GSTIN India store",https://pt.scribd.com/document/369099693/Crisil-Sme-Connect-Oct-13,web-search-final,Kozhikode,home decor
"""Powered by Shopify"" ""Thrissur"" ""furniture"" contact India merchant",https://www.livinstyles.com/collections/furniture-store-in-thrissur?page=18,web-search-final,Thrissur,furniture
"""Powered by Shopify"" ""Thrissur"" ""furniture"" contact India merchant",https://www.scribd.com/document/959004896/SM-2025-Exhibitor-Directory,web-search-final,Thrissur,furniture
"""Powered by Shopify"" ""Thrissur"" ""furniture"" contact India merchant",https://www.glassdoor.co.in/Job/kochi-management-trainee-operations-jobs-SRCH_IL.0%2C5_IC2887994_KO6%2C35.htm,web-search-final,Thrissur,furniture
"""/cdn/shop/"" ""Thrissur"" ""footwear"" GSTIN India store",https://www.scribd.com/document/271733745/Crisil-Sme,web-search-final,Thrissur,footwear
"""/cdn/shop/"" ""Thrissur"" ""footwear"" GSTIN India store",https://www.companydetails.in/state/KERALA/C,web-search-final,Thrissur,footwear
"""/cdn/shop/"" ""Thrissur"" ""footwear"" GSTIN India store",https://pt.scribd.com/document/519682719/CompReg-21SEPTEMBER2018,web-search-final,Thrissur,footwear
"""Powered by Shopify"" ""Thiruvananthapuram"" ""accessories"" contact India merchant",https://www.go4ganics.com/collections/garden-accessories,web-search-final,Thiruvananthapuram,accessories
"""Powered by Shopify"" ""Thiruvananthapuram"" ""accessories"" contact India merchant",https://littlesurprisebox.com/pages/baby-products-hamper-in-thiruvananthapuram,web-search-final,Thiruvananthapuram,accessories
"""Powered by Shopify"" ""Thiruvananthapuram"" ""accessories"" contact India merchant",https://shop.apriliaindia.com/products/aprilia-rs-3487,web-search-final,Thiruvananthapuram,accessories
"""Powered by Shopify"" ""Thiruvananthapuram"" ""accessories"" contact India merchant",https://www.livinstyles.com/collections/shoe-racks,web-search-final,Thiruvananthapuram,accessories
"""Powered by Shopify"" ""Thiruvananthapuram"" ""accessories"" contact India merchant",https://www.thecompanycheck.com/company/b/factor-notes/c6f42aa6981b485ab,web-search-final,Thiruvananthapuram,accessories
"""Powered by Shopify"" ""Thiruvananthapuram"" ""accessories"" contact India merchant",https://www.imagineonline.store/products/airpods-5-mkfw4hn-a,web-search-final,Thiruvananthapuram,accessories
"""Powered by Shopify"" ""Thiruvananthapuram"" ""accessories"" contact India merchant",https://formsolid.com/products/formsolid-kess3-customized-nametag-keychain,web-search-final,Thiruvananthapuram,accessories
"""Powered by Shopify"" ""Thiruvananthapuram"" ""accessories"" contact India merchant",https://www.shoppingworldyt.com/collections/buy-designer-lehenga-in-thiruvananthapuram-india-indian-bridal-wear-online?page=31,web-search-final,Thiruvananthapuram,accessories
"""/cdn/shop/"" ""Thiruvananthapuram"" ""food"" GSTIN India store",https://myborosil.com/products/carry-mate-food-jar-pink-500-ml-personalise,web-search-final,Thiruvananthapuram,food
"""/cdn/shop/"" ""Thiruvananthapuram"" ""food"" GSTIN India store",https://www.zaubacorp.com/company-by-address/KALA-VIHAR-PRAVACHAMBALAM-THIRUVANANTHAPURAM-THIRUVANANTHAPURAM-KERALA-695020-INDIA,web-search-final,Thiruvananthapuram,food
"""/cdn/shop/"" ""Thiruvananthapuram"" ""food"" GSTIN India store",https://www.headphonezone.in/products/moondrop-cdsp,web-search-final,Thiruvananthapuram,food
